{"loss": [0.24781844019889832, 0.26765111088752747, 0.3186360001564026, 0.2665465772151947, 0.25541529059410095, 0.1980130523443222, 0.20581889152526855, 0.21387344598770142, 0.22785110771656036, 0.2522178590297699, 0.2457808554172516, 0.2385473996400833, 0.21462322771549225, 0.2310071587562561, 0.23039062321186066, 0.21566142141819, 0.2131263166666031, 0.22022508084774017, 0.1989009529352188, 0.19548800587654114, 0.5426132678985596, 0.36175140738487244, 0.3407595455646515, 0.30945831537246704, 0.2913607358932495, 0.26970481872558594, 0.2602528929710388, 0.2594020664691925, 0.2362503856420517, 0.234013170003891, 0.23373666405677795, 0.22198407351970673, 0.21668095886707306, 0.21504616737365723, 0.22209762036800385, 0.2125101387500763, 0.19818733632564545, 0.2034328579902649, 0.19593200087547302, 0.18846029043197632, 0.37354764342308044, 0.2935320734977722, 0.30308836698532104, 0.2845136821269989, 0.26782867312431335, 0.2785458564758301, 0.27174222469329834, 0.2576748728752136, 0.26484718918800354, 0.2573041319847107], "binary_accuracy": [0.8695249557495117, 0.8758264780044556, 0.8553317785263062, 0.8614330291748047, 0.8698311448097229, 0.904789924621582, 0.8986140489578247, 0.898829996585846, 0.8813074231147766, 0.877616822719574, 0.8793129324913025, 0.8814487457275391, 0.8904122710227966, 0.8786415457725525, 0.8911621570587158, 0.8937770128250122, 0.8901335000991821, 0.8951943516731262, 0.8994150161743164, 0.899462103843689, 0.7726619839668274, 0.8092343807220459, 0.8214212656021118, 0.826352596282959, 0.8306124806404114, 0.8351864814758301, 0.8402159214019775, 0.8426501750946045, 0.8492658138275146, 0.8549312949180603, 0.8541696071624756, 0.8607617020606995, 0.8668315410614014, 0.8704004883766174, 0.8664900064468384, 0.8714880347251892, 0.8797487020492554, 0.8778366446495056, 0.8831527233123779, 0.8866273760795593, 0.7906949520111084, 0.8141303658485413, 0.8208087682723999, 0.8233097791671753, 0.8245936632156372, 0.8240989446640015, 0.8299764394760132, 0.8305968046188354, 0.8274911642074585, 0.8285630345344543], "lr": [0.01, 0.01, 0.01, 0.01, 0.01, 0.01, 0.01, 0.01, 0.01, 0.01, 0.01, 0.01, 0.01, 0.01, 0.01, 0.01, 0.01, 0.01, 0.01, 0.01, 0.001, 0.001, 0.001, 0.001, 0.001, 0.001, 0.001, 0.001, 0.001, 0.001, 0.001, 0.001, 0.001, 0.001, 0.001, 0.001, 0.001, 0.001, 0.001, 0.001, 0.0001, 0.0001, 0.0001, 0.0001, 0.0001, 0.0001, 0.0001, 0.0001, 0.0001, 0.0001], "val_loss": [3.1924571990966797, 2.1457266807556152, 2.0535929203033447, 2.2517669200897217, 0.6189800500869751, 0.4339171350002289, 0.4566188454627991, 0.4752845764160156, 0.31709718704223633, 0.3346114456653595], "val_binary_accuracy": [0.6614722013473511, 0.6614722013473511, 0.6624045372009277, 0.662426769733429, 0.8813487887382507, 0.8943127393722534, 0.9000177383422852, 0.9045018553733826, 0.907210111618042, 0.9061445593833923], "train_epochs": [1, 2, 3, 4, 5, 6, 7, 8, 9, 10, 11, 12, 13, 14, 15, 16, 17, 18, 19, 20, 21, 22, 23, 24, 25, 26, 27, 28, 29, 30, 31, 32, 33, 34, 35, 36, 37, 38, 39, 40, 41, 42, 43, 44, 45, 46, 47, 48, 49, 50], "eval_epochs": [5, 10, 15, 20, 25, 30, 35, 40, 45, 50]}